run,seed,episodes,successes,success_pct,wall_seconds
C1,42,500,469,93.8,1737.6508393008262
C1,43,500,446,89.2,1213.2254504412413
C2,42,500,343,68.6,1685.5558422971517
C2,43,500,292,58.4,1380.331903796643
C3,42,500,463,92.6,1448.8211576789618
C3,43,500,453,90.6,1125.9372341260314
P0-S,42,500,85,17.0,2899.2439383752644
S1-L2,42,500,395,79.0,1571.9945692513138
S1-L2,43,500,358,71.6,1421.4144310243428
S1-L3,42,500,379,75.8,1697.8384537361562
S1-L3,43,500,322,64.4,1802.077245157212
teacher,42,500,477,95.4,1619.5733694024384
teacher,43,500,473,94.6,1245.7078777514398
