run,invocation_count,total_wall_seconds,total_training_seconds,total_initialization_seconds,total_checkpoint_seconds,total_diagnostic_seconds,seconds_per_step,steps_completed,unique_steps_completed,replayed_steps,history_complete,has_legacy_records,partial_invocation_ids
P0-S,1,2450.13190552406,2266.169369895011,38.03032876737416,51.10823328047991,93.69212258793414,1.128202411749136,2000,2000,0,True,False,[]
C1,1,13927.20726509206,13243.53740270622,219.6621150933206,326.9703048206866,137.0110669415444,1.648634523115349,8000,8000,0,True,False,[]
C2,1,6115.620851434767,5818.116827938706,93.3010520003736,129.95711081847548,74.02589203044772,0.7266833304649596,8000,8000,0,True,False,[]
C3,1,11618.41342655383,11120.075686236843,116.42623336985707,285.7418887615204,95.70743777044117,1.389243632689368,8000,8000,0,True,False,[]
S1-L2,1,9106.508956931531,8603.71184791997,78.2351453434676,132.15067067742348,292.40395614132285,1.0741579103022665,8000,8000,0,True,False,[]
S1-L3,3,12337.966388251632,11504.06717550382,439.9541825912893,191.29636139795184,202.6220547258854,1.4344118573246702,8000,8000,0,True,False,[]
S2-cont,0,0,0,0,0,0,,0,0,0,False,False,[]
S2-base,0,0,0,0,0,0,,0,0,0,False,False,[]
S3-coupled,0,0,0,0,0,0,,0,0,0,False,False,[]
S3-late,0,0,0,0,0,0,,0,0,0,False,False,[]
S3-Konly,0,0,0,0,0,0,,0,0,0,False,False,[]
S3-2stage,0,0,0,0,0,0,,0,0,0,False,False,[]
F-Long-s1,0,0,0,0,0,0,,0,0,0,False,False,[]
F-Long-s2,0,0,0,0,0,0,,0,0,0,False,False,[]
